,Dataset,Spearman rank coeff.
0,SimLex-999,0.36729715286428705
1,WordSim-353,0.5914743536580576
2,MEN (3000),0.676166816907424
